episode,total_reward,avg_delay,avg_energy,completion_ratio,completed,failed,generated,standalone,collaborative,actor_loss,critic_loss
1,-190.7966,1.7123,8.5768,0.68,17,8,25,7,18,-195.8339,14291.2588
2,-235.6641,2.3933,11.98,0.64,16,9,25,4,21,-227.9653,19732.4043
3,-219.1915,2.122,10.6255,0.64,16,9,25,3,22,-230.3072,19764.9648
4,-213.4471,2.063,10.3299,0.68,17,8,25,6,19,-220.3489,17903.1309
5,-188.0686,1.6706,8.3654,0.68,17,8,25,5,20,-195.4626,14229.5527
6,-190.4643,1.935,9.6911,0.6522,15,8,23,5,18,-198.3798,14911.791
7,-185.1664,1.6257,8.1408,0.68,17,8,25,7,18,-190.4502,13654.7002
8,-235.4122,2.4034,12.0298,0.68,17,8,25,7,18,-229.4878,20981.8574
9,-192.8668,1.6898,8.4604,0.64,16,9,25,6,19,-194.8427,14132.5508
10,-200.5624,1.8638,9.3325,0.68,17,8,25,5,20,-203.3702,15627.7588
11,-184.5182,1.7169,8.5962,0.6667,16,8,24,5,19,-194.3645,13541.333
12,-191.725,1.8354,9.1888,0.6667,16,8,24,5,19,-196.3697,14514.8467
13,-188.0941,1.6112,8.0679,0.64,16,9,25,2,23,-196.9511,13917.9473
14,-214.6994,2.0482,10.2561,0.64,16,9,25,5,20,-207.5855,16895.4766
15,-210.2903,2.0146,10.0854,0.68,17,8,25,2,23,-217.9306,17173.1992
16,-211.5089,1.996,9.9936,0.64,16,9,25,4,21,-213.5448,17180.3281
17,-197.1911,1.8118,9.0715,0.68,17,8,25,3,22,-207.6964,15720.0752
18,-201.4943,1.8778,9.4048,0.68,17,8,25,4,21,-206.0389,15374.3828
19,-228.31,2.2933,11.4802,0.68,17,8,25,6,19,-228.6102,20730.0391
20,-212.7671,2.0165,10.0972,0.64,16,9,25,6,19,-213.121,17414.7051
21,-214.9525,2.0868,10.4462,0.68,17,8,25,3,22,-217.1404,17977.623
22,-203.4285,2.1918,10.9739,0.6957,16,7,23,5,18,-201.6086,16268.041
23,-208.2189,1.9825,9.925,0.68,17,8,25,5,20,-211.4916,17050.3281
24,-200.4899,1.8144,9.0876,0.64,16,9,25,5,20,-190.4557,14696.2627
25,-197.5073,1.7085,8.5542,0.6,15,10,25,1,24,-206.0448,15416.1289
26,-246.831,2.749,13.7582,0.625,15,9,24,8,16,-237.8302,23214.0938
27,-267.021,3.1032,15.5292,0.625,15,9,24,2,22,-262.9352,27777.1328
28,-198.4604,1.7812,8.9206,0.64,16,9,25,4,21,-200.0919,15298.7998
29,-195.5042,1.7855,8.941,0.68,17,8,25,2,23,-209.2856,15548.5322
30,-199.6833,2.0049,10.0385,0.7083,17,7,24,3,21,-210.7883,16164.5273
31,-212.3989,2.2017,11.0227,0.7083,17,7,24,5,19,-221.6604,18282.9199
32,-236.1972,2.4155,12.0906,0.68,17,8,25,3,22,-244.8064,22052.8184
33,-214.9394,2.2412,11.2193,0.7083,17,7,24,7,17,-214.0328,17676.5723
34,-181.5917,1.7249,8.6382,0.7083,17,7,24,4,20,-181.795,12510.2188
35,-232.3195,2.3551,11.7906,0.68,17,8,25,4,21,-225.6814,20915.2832
36,-205.9002,1.9035,9.5324,0.64,16,9,25,10,15,-199.858,16089.1426
37,-199.3273,1.7957,8.9918,0.64,16,9,25,3,22,-203.6479,15299.9824
38,-231.1104,2.3186,11.6055,0.64,16,9,25,7,18,-236.2358,20653.3867
39,-225.79,2.2542,11.2852,0.68,17,8,25,4,21,-233.9657,20256.207
40,-220.7594,2.148,10.7544,0.64,16,9,25,5,20,-232.7538,19226.1445
41,-213.5241,2.0287,10.1595,0.64,16,9,25,2,23,-209.5963,16954.4746
42,-221.8156,2.1928,10.9775,0.68,17,8,25,2,23,-217.5265,18657.4434
43,-202.7343,1.8519,9.2719,0.64,16,9,25,7,18,-201.2026,15470.4258
44,-216.3866,2.0762,10.3947,0.64,16,9,25,1,24,-215.7072,18012.0977
45,-260.0918,2.7946,13.9891,0.64,16,9,25,7,18,-257.9037,26290.6406
46,-211.326,1.9928,9.9786,0.64,16,9,25,7,18,-211.8031,17170.082
47,-222.4316,2.1455,10.7406,0.6,15,10,25,7,18,-217.1638,18677.7031
48,-201.8855,1.8845,9.4348,0.68,17,8,25,3,22,-200.6631,15554.8125
49,-209.8354,1.9237,9.6361,0.6,15,10,25,5,20,-199.3101,15633.5811
50,-217.4035,2.1246,10.636,0.68,17,8,25,2,23,-220.5306,18062.502
51,-191.8497,1.7285,8.6583,0.68,17,8,25,7,18,-195.2082,15076.3799
52,-217.0527,2.0873,10.4495,0.64,16,9,25,5,20,-210.5973,17871.7402
53,-210.6096,1.9378,9.7038,0.6,15,10,25,3,22,-212.2592,16585.7246
54,-218.6357,2.1432,10.7315,0.68,17,8,25,8,17,-213.3445,17789.9707
55,-226.9448,2.2499,11.263,0.64,16,9,25,5,20,-212.9101,18498.8105
56,-222.9224,2.1838,10.9321,0.64,16,9,25,2,23,-224.8435,19393.1953
57,-223.8275,2.2664,11.3466,0.76,19,6,25,6,19,-217.8607,19347.9297
58,-232.3964,2.3722,11.872,0.72,18,7,25,5,20,-228.1958,19851.2969
59,-207.5671,2.0955,10.4918,0.6667,16,8,24,1,23,-219.7315,17943.6797
60,-205.3193,2.0586,10.307,0.6667,16,8,24,2,22,-216.2614,17161.752
61,-224.0122,2.1724,10.8797,0.6,15,10,25,7,18,-220.9853,19131.4844
62,-246.4446,2.5773,12.899,0.72,18,7,25,9,16,-237.4193,22366.752
63,-213.6609,1.9911,9.9715,0.6,15,10,25,1,24,-217.3228,17142.8438
64,-223.6403,2.1956,10.9912,0.64,16,9,25,4,21,-222.6542,19059.8184
65,-194.6895,1.773,8.8779,0.68,17,8,25,4,21,-208.8951,15243.8965
66,-241.9757,2.497,12.4991,0.64,16,9,25,6,19,-230.9939,21324.4551
67,-192.4956,1.8478,9.2523,0.6667,16,8,24,5,19,-196.9799,14474.3428
68,-183.9138,1.7067,8.5466,0.6667,16,8,24,3,21,-191.6553,13519.5225
69,-214.3015,2.1071,10.5494,0.72,18,7,25,1,24,-218.9879,18233.752
70,-196.98,1.9215,9.6212,0.6667,16,8,24,0,24,-197.1165,14541.3311
71,-197.7229,1.9337,9.6822,0.6667,16,8,24,5,19,-200.5921,15190.3682
72,-222.8762,2.2087,11.0598,0.68,17,8,25,3,22,-218.9134,19182.3047
73,-181.2593,1.599,8.0061,0.625,15,9,24,6,18,-181.8399,12605.3643
74,-196.6804,1.8695,9.3588,0.625,15,9,24,6,18,-196.6112,14960.4219
75,-214.3772,2.0773,10.4019,0.68,17,8,25,7,18,-208.8547,17095.3945
76,-187.3478,1.8139,9.0838,0.7083,17,7,24,5,19,-190.5818,13485.1807
77,-186.2669,1.7971,9.0001,0.7083,17,7,24,5,19,-191.1328,13568.7422
78,-205.3807,1.8467,9.2448,0.6,15,10,25,6,19,-213.8012,15872.543
79,-210.7398,2.3312,11.6681,0.7391,17,6,23,5,18,-215.1109,17248.7383
80,-213.7686,2.0329,10.1795,0.64,16,9,25,4,21,-211.1772,17434.9277
81,-214.9598,2.0525,10.2775,0.64,16,9,25,6,19,-216.275,17756.1133
82,-220.3792,2.1705,10.8664,0.68,17,8,25,5,20,-227.1912,19140.2383
83,-204.8813,2.0038,10.0345,0.76,19,6,25,4,21,-208.5412,16020.5361
84,-208.8355,1.9517,9.7738,0.64,16,9,25,3,22,-214.0119,16573.3457
85,-212.1361,1.9647,9.8376,0.6,15,10,25,3,22,-217.7742,17392.7539
86,-213.929,2.2004,11.0149,0.6667,16,8,24,6,18,-222.5276,17714.3906
87,-215.2348,2.2218,11.1223,0.6667,16,8,24,9,15,-206.8665,17388.248
88,-224.2444,2.1451,10.7383,0.56,14,11,25,5,20,-210.9957,18314.1348
89,-213.6934,2.0318,10.1733,0.64,16,9,25,3,22,-207.7708,17169.7109
90,-200.3659,1.8125,9.0773,0.64,16,9,25,6,19,-211.6436,16128.5635
91,-188.7389,1.7332,8.6809,0.72,18,7,25,7,18,-196.1266,14395.3262
92,-215.9981,2.103,10.5271,0.68,17,8,25,9,16,-217.9102,18031.4805
93,-199.4664,1.8466,9.2478,0.68,17,8,25,2,23,-209.14,16501.8906
94,-231.217,2.3542,11.786,0.72,18,7,25,4,21,-242.2468,21471.0781
95,-218.6235,2.113,10.5787,0.64,16,9,25,2,23,-221.7282,18969.3652
96,-223.8375,2.1984,11.0076,0.64,16,9,25,2,23,-217.1594,19455.4277
97,-179.8378,1.6035,8.0301,0.72,18,7,25,4,21,-180.1512,12706.7178
98,-208.8896,2.0289,10.1535,0.72,18,7,25,5,20,-216.8495,17452.0234
99,-196.7263,1.9592,9.8096,0.7083,17,7,24,7,17,-203.3881,15346.1982
100,-191.2712,1.8747,9.3874,0.7083,17,7,24,7,17,-188.9792,13965.7305
101,-205.5632,1.9412,9.7196,0.68,17,8,25,4,21,-204.777,16282.7861
102,-218.2746,2.1076,10.5498,0.64,16,9,25,2,23,-217.2225,17951.4219
103,-204.2861,1.8773,9.3996,0.64,16,9,25,5,20,-204.3506,15986.7676
104,-198.8691,1.838,9.2013,0.68,17,8,25,7,18,-211.7864,16305.9199
105,-210.9546,1.895,9.4893,0.56,14,11,25,4,21,-201.5299,16038.2412
106,-223.9993,2.2016,11.0207,0.64,16,9,25,6,19,-217.41,18661.9844
107,-223.2421,2.1893,10.9583,0.64,16,9,25,2,23,-223.3091,19185.6934
108,-215.1179,2.119,10.6091,0.72,18,7,25,3,22,-219.3375,18098.9023
109,-219.4269,2.1263,10.6447,0.64,16,9,25,6,19,-216.5621,18360.582
110,-191.6859,1.999,10.0081,0.6957,16,7,23,5,18,-191.5496,14438.2959
111,-232.7325,2.3451,11.7389,0.64,16,9,25,5,20,-226.1071,20741.2168
112,-221.0908,2.1528,10.7819,0.64,16,9,25,6,19,-227.1582,18409.9219
113,-227.1573,2.2539,11.2802,0.64,16,9,25,7,18,-221.9483,19413.959
114,-202.0095,1.9274,9.6509,0.72,18,7,25,3,22,-203.9942,16508.2266
115,-199.2092,1.7937,8.9821,0.64,16,9,25,4,21,-198.1355,15288.8701
116,-195.4314,1.7841,8.9355,0.68,17,8,25,7,18,-202.4307,15098.8916
117,-200.5404,1.8154,9.0916,0.64,16,9,25,5,20,-201.8832,15359.3027
118,-196.5823,1.8021,9.0245,0.68,17,8,25,3,22,-197.0091,14694.8936
119,-223.7422,2.2228,11.1266,0.68,17,8,25,3,22,-217.4387,18829.377
120,-198.6583,1.949,9.7592,0.6667,16,8,24,5,19,-195.1755,14921.1455
121,-185.2573,1.7286,8.6571,0.6667,16,8,24,6,18,-186.0403,12825.2061
122,-203.7966,1.9134,9.583,0.68,17,8,25,2,23,-209.0661,16767.4043
123,-177.0337,1.5929,7.981,0.6667,16,8,24,5,19,-180.0329,12196.4932
124,-181.5558,1.6673,8.3529,0.6667,16,8,24,5,19,-184.0089,13077.5469
125,-192.8941,1.69,8.4627,0.64,16,9,25,6,19,-197.3889,14260.5527
126,-215.2176,2.0907,10.4668,0.68,17,8,25,2,23,-214.2509,17903.543
127,-254.1368,2.6969,13.4992,0.64,16,9,25,2,23,-239.6247,23283.5098
128,-247.8281,2.5955,12.9908,0.68,17,8,25,5,20,-246.095,23108.4824
129,-226.5399,2.2177,11.101,0.6,15,10,25,3,22,-219.4949,18870.4219
130,-202.2223,1.8888,9.4613,0.68,17,8,25,3,22,-206.0031,15756.1553
131,-206.3384,1.9103,9.5687,0.64,16,9,25,4,21,-207.9339,16153.0859
132,-189.3039,1.844,9.2352,0.7083,17,7,24,10,14,-185.3361,13175.5674
133,-195.4506,1.9392,9.711,0.7083,17,7,24,3,21,-197.1029,14655.2188
134,-197.8863,1.7719,8.8733,0.64,16,9,25,4,21,-196.2059,15036.3125
135,-207.6525,2.2832,11.4293,0.7391,17,6,23,5,18,-212.9755,17485.6719
136,-217.8603,2.1589,10.8097,0.72,18,7,25,5,20,-212.078,18204.5703
137,-189.3706,1.489,7.4609,0.56,14,11,25,6,19,-191.5392,13728.1641
138,-199.1079,2.3058,11.5419,0.7727,17,5,22,4,18,-201.5946,16180.3477
139,-193.2845,1.6957,8.4951,0.64,16,9,25,4,21,-196.739,14240.0615
140,-206.3504,1.9532,9.7806,0.68,17,8,25,7,18,-207.8489,16784.5684
141,-205.5999,1.9797,9.9135,0.72,18,7,25,4,21,-215.7959,16841.875
142,-193.4707,1.6995,8.5101,0.64,16,9,25,4,21,-201.6153,14935.3516
143,-171.9708,1.4356,7.1915,0.625,15,9,24,4,20,-175.9727,11943.1445
144,-179.9043,1.5748,7.8874,0.625,15,9,24,9,15,-181.622,12491.2822
145,-184.4413,1.7207,8.619,0.76,19,6,25,3,22,-196.9202,13685.3936
146,-205.7458,1.9441,9.7337,0.68,17,8,25,3,22,-208.0882,16822.3105
147,-187.7971,1.6657,8.3447,0.68,17,8,25,5,20,-189.0338,13824.0527
148,-232.2533,2.317,11.6026,0.6,15,10,25,3,22,-232.5123,20622.1777
149,-179.7194,1.4729,7.3794,0.64,16,9,25,3,22,-188.9319,12624.5137
150,-205.33,2.092,10.4757,0.7083,17,7,24,4,20,-201.7872,16126.1182
151,-214.3509,2.2317,11.1739,0.7083,17,7,24,3,21,-218.3259,17551.5527
152,-203.6966,1.9117,9.5754,0.68,17,8,25,2,23,-211.5314,15968.0342
153,-215.5782,2.152,10.7753,0.76,19,6,25,3,22,-215.2026,17504.3047
154,-193.2839,1.7514,8.7691,0.68,17,8,25,3,22,-200.8616,14674.3037
155,-217.5504,2.2352,11.1897,0.625,15,9,24,3,21,-212.3545,18284.9434
156,-210.4983,2.1115,10.5711,0.625,15,9,24,5,19,-208.0047,16874.248
157,-199.0218,1.8401,9.2132,0.68,17,8,25,2,23,-200.8158,15245.582
158,-178.2743,1.8289,9.1552,0.7391,17,6,23,3,20,-184.4244,12530.5938
159,-218.2881,2.1074,10.5511,0.64,16,9,25,5,20,-207.6271,17327.1289
160,-191.6206,1.7256,8.6403,0.68,17,8,25,5,20,-194.3575,13687.9248
161,-196.9564,1.8075,9.0536,0.68,17,8,25,4,21,-197.8064,14952.0635
162,-207.5699,1.9723,9.8767,0.5417,13,11,24,4,20,-204.5132,15697.5117
163,-212.6991,2.0761,10.3959,0.5417,13,11,24,2,22,-205.0602,16180.6826
164,-207.8186,2.0644,10.3361,0.625,15,9,24,3,21,-203.1465,16100.1416
165,-231.0108,2.2717,11.3745,0.56,14,11,25,5,20,-214.6646,18756.6406
166,-194.0794,1.7635,8.8307,0.68,17,8,25,6,19,-191.5078,14352.5352
167,-214.1335,2.0387,10.2096,0.64,16,9,25,5,20,-214.8964,17302.0684
168,-224.7137,2.2129,11.0796,0.64,16,9,25,5,20,-216.8303,18887.0977
169,-204.8972,1.9695,9.8621,0.72,18,7,25,4,21,-203.2404,15999.0
170,-224.3419,2.2318,11.1731,0.68,17,8,25,5,20,-218.9581,18417.5449
171,-196.3915,1.7468,8.7506,0.64,16,9,25,3,22,-198.3142,14570.3633
172,-208.428,1.9852,9.9415,0.68,17,8,25,5,20,-213.8496,16907.1582
173,-201.6837,1.8809,9.4194,0.68,17,8,25,9,16,-206.7748,15854.9502
174,-243.1861,2.5167,12.5987,0.64,16,9,25,7,18,-235.1668,21765.8047
175,-195.9717,1.7407,8.7158,0.64,16,9,25,2,23,-206.3139,14923.7686
176,-206.0531,2.071,10.3672,0.6667,16,8,24,1,23,-210.4867,16978.8047
177,-196.6737,1.9167,9.5959,0.6667,16,8,24,3,21,-196.733,15216.9541
178,-222.6099,2.2047,11.0392,0.68,17,8,25,2,23,-226.8499,19185.9844
179,-238.7502,2.4443,12.2337,0.64,16,9,25,2,23,-225.7232,20678.7246
180,-219.7736,2.1616,10.8193,0.68,17,8,25,4,21,-227.9744,18494.3105
181,-222.7839,2.1812,10.9209,0.64,16,9,25,4,21,-210.0163,17483.752
182,-195.7138,1.7363,8.6946,0.64,16,9,25,4,21,-192.7211,13830.4414
183,-196.9892,1.8082,9.0561,0.68,17,8,25,6,19,-200.0355,14807.5713
184,-231.0679,2.4826,12.4242,0.6667,16,8,24,5,19,-228.663,20408.791
185,-210.2884,2.1408,10.7154,0.6667,16,8,24,3,21,-201.3394,16572.6465
186,-200.5026,1.7607,8.8171,0.6,15,10,25,6,19,-193.8818,14767.3076
187,-200.2414,2.0137,10.0816,0.7083,17,7,24,2,22,-200.5494,15126.2109
188,-199.5901,2.0037,10.0312,0.7083,17,7,24,4,20,-202.1633,15135.9648
189,-193.8431,1.7052,8.5409,0.64,16,9,25,4,21,-193.0224,14132.7305
190,-244.1784,2.5396,12.7081,0.68,17,8,25,6,19,-247.3969,23274.3945
191,-221.783,2.1925,10.9749,0.68,17,8,25,5,20,-216.0308,18204.2598
192,-225.2083,2.1939,10.9844,0.6,15,10,25,3,22,-213.7473,18564.6445
193,-218.034,2.068,10.3551,0.6,15,10,25,7,18,-205.1693,17292.1074
194,-230.5567,2.3091,11.5601,0.64,16,9,25,3,22,-236.3191,20647.9043
195,-214.6801,2.1399,10.713,0.76,19,6,25,2,23,-217.2222,16657.7383
196,-200.5853,1.8641,9.3343,0.68,17,8,25,4,21,-207.8818,16063.5498
197,-231.4221,2.3035,11.5292,0.6,15,10,25,6,19,-223.9686,19175.3066
198,-242.6876,2.5092,12.5574,0.64,16,9,25,4,21,-241.6346,22093.7031
199,-212.7718,1.9763,9.8932,0.6,15,10,25,4,21,-209.9751,16624.9297
200,-228.6978,2.2988,11.5104,0.68,17,8,25,4,21,-219.1009,18525.875
201,-212.4754,2.048,10.2547,0.68,17,8,25,4,21,-207.2669,16844.3535
202,-225.9459,2.2073,11.0489,0.6,15,10,25,1,24,-227.5921,19286.6094
203,-206.1274,1.95,9.7632,0.68,17,8,25,6,19,-200.7902,15770.5176
204,-195.7153,1.677,8.397,0.6,15,10,25,5,20,-196.6083,14474.085
205,-213.9361,1.9963,9.9955,0.6,15,10,25,5,20,-208.2152,16566.7227
206,-206.2788,2.037,10.2012,0.625,15,9,24,6,18,-201.1062,15410.7295
207,-233.207,2.5094,12.5633,0.625,15,9,24,4,20,-232.8877,19883.0371
208,-219.9459,2.1015,10.5228,0.6,15,10,25,3,22,-209.5302,17234.0957
209,-236.154,2.4147,12.0873,0.68,17,8,25,5,20,-232.0261,20185.8223
210,-231.6664,2.3454,11.7399,0.68,17,8,25,5,20,-225.8333,19923.8711
211,-202.3283,2.0785,10.4051,0.75,18,6,24,4,20,-202.7541,15231.1406
212,-214.7414,2.26,11.3125,0.75,18,6,24,0,24,-221.8821,17702.7676
213,-186.2892,1.6427,8.2278,0.68,17,8,25,1,24,-192.7747,13678.9092
214,-219.1617,2.2636,11.331,0.625,15,9,24,3,21,-215.4431,17765.9023
215,-221.8602,2.3109,11.5677,0.625,15,9,24,3,21,-213.6508,18291.9473
216,-214.6494,2.1124,10.5748,0.72,18,7,25,3,22,-211.6116,17331.0938
217,-215.0631,2.3835,11.9306,0.6957,16,7,23,3,20,-210.0784,17673.6504
218,-223.9634,2.1725,10.8749,0.6,15,10,25,8,17,-220.2981,18059.9199
219,-216.3031,2.0747,10.3879,0.64,16,9,25,7,18,-204.6416,17139.6309
220,-210.5792,1.981,9.917,0.64,16,9,25,4,21,-204.1697,16235.9004
221,-236.9116,2.4381,12.202,0.72,18,7,25,4,21,-232.9214,20994.998
222,-215.7253,2.0277,10.1524,0.6,15,10,25,5,20,-209.5963,17038.3652
223,-204.9418,1.8876,9.4537,0.64,16,9,25,3,22,-200.9798,15614.3379
224,-170.9304,1.5601,7.8129,0.7083,17,7,24,1,23,-169.6742,11079.3408
225,-188.9044,1.8383,9.2041,0.7083,17,7,24,5,19,-191.1709,13424.5469
226,-217.1635,2.2538,11.2808,0.6667,16,8,24,9,15,-218.6873,17403.9629
227,-217.893,2.1009,10.5186,0.64,16,9,25,2,23,-212.4309,17174.0137
228,-186.601,1.751,8.7675,0.6667,16,8,24,6,18,-189.1819,13136.0117
229,-186.6977,1.7526,8.7755,0.6667,16,8,24,3,21,-185.3043,13469.8096
230,-212.2886,2.0092,10.0575,0.64,16,9,25,9,16,-207.8525,16770.8262
231,-201.4323,1.9947,9.9873,0.6667,16,8,24,3,21,-192.0391,14511.6221
232,-195.3418,1.8945,9.4864,0.6667,16,8,24,2,22,-186.3078,13514.2393
233,-217.749,2.0628,10.3301,0.6,15,10,25,3,22,-213.136,17314.0859
234,-160.5904,1.487,7.4511,0.6957,16,7,23,2,21,-167.2858,10247.2979
235,-211.9884,1.9621,9.8247,0.6,15,10,25,3,22,-206.1017,16323.1934
236,-236.6644,2.5777,12.9007,0.7083,17,7,24,6,18,-228.6988,19768.1562
237,-249.8708,2.7821,13.9229,0.7083,17,7,24,2,22,-232.4345,21982.7246
238,-226.5247,2.217,11.0998,0.6,15,10,25,1,24,-222.8304,19178.916
239,-230.8368,2.2925,11.4782,0.6,15,10,25,3,22,-224.1118,19519.1719
240,-197.8411,1.8897,9.4607,0.625,15,9,24,5,19,-192.7849,14592.6904
241,-214.5806,2.1833,10.9291,0.625,15,9,24,6,18,-206.8227,16960.6426
242,-197.9143,1.7722,8.8757,0.64,16,9,25,4,21,-193.9567,14095.1553
243,-195.92,1.7921,8.9731,0.68,17,8,25,5,20,-189.1647,13901.957
244,-245.611,2.5648,12.8382,0.72,18,7,25,3,22,-235.6122,21907.3047
245,-207.7057,1.9333,9.6809,0.64,16,9,25,3,22,-201.4284,15482.1504
246,-209.9121,1.8751,9.3915,0.56,14,11,25,8,17,-206.7147,15879.5898
247,-232.3289,2.3709,11.8671,0.72,18,7,25,2,23,-233.8567,18929.1797
248,-203.467,1.9487,9.7575,0.72,18,7,25,7,18,-196.4389,14842.6816
249,-191.1866,1.7188,8.6068,0.68,17,8,25,5,20,-185.5931,13218.874
250,-223.6363,2.2209,11.1184,0.68,17,8,25,4,21,-211.5265,17855.8926
251,-191.4469,1.7224,8.6271,0.68,17,8,25,3,22,-189.1527,13611.5527
252,-219.899,2.1338,10.6836,0.64,16,9,25,3,22,-210.8423,17167.8125
253,-221.6966,2.1323,10.6763,0.6,15,10,25,3,22,-210.2412,17407.5137
254,-225.2562,2.2461,11.2438,0.68,17,8,25,1,24,-221.0191,18157.8066
255,-227.9552,2.2663,11.3462,0.64,16,9,25,3,22,-212.881,17807.1465
256,-180.874,1.4914,7.4746,0.64,16,9,25,2,23,-176.1137,11571.2979
257,-186.8849,1.8526,9.2762,0.75,18,6,24,2,22,-186.8165,12833.1328
258,-174.6441,1.6737,8.3815,0.75,18,6,24,3,21,-175.5343,11295.1787
259,-194.5821,1.7176,8.6016,0.64,16,9,25,3,22,-188.4113,13373.3662
260,-224.4278,2.2332,11.1797,0.68,17,8,25,4,21,-211.1528,17301.1992
261,-220.1213,2.2152,11.0898,0.76,19,6,25,6,19,-209.5401,17045.6758
262,-222.7661,2.3627,11.8249,0.7083,17,7,24,3,21,-206.9923,17647.2324
263,-204.0116,2.0724,10.3733,0.7083,17,7,24,4,20,-191.1577,14409.9639
264,-175.3384,1.7302,8.6637,0.6957,16,7,23,1,22,-168.1039,10894.5732
265,-180.973,1.8229,9.1271,0.6957,16,7,23,4,19,-176.3887,11768.041
266,-199.8766,1.7488,8.7626,0.6,15,10,25,3,22,-191.7795,13783.9951
267,-205.1619,1.9347,9.6887,0.68,17,8,25,6,19,-188.6059,14601.5039
268,-239.2279,2.4624,12.3252,0.68,17,8,25,5,20,-217.8063,18933.8984
269,-219.4725,2.0929,10.4814,0.6,15,10,25,8,17,-198.0513,15922.8262
270,-200.7256,1.8669,9.3449,0.68,17,8,25,5,20,-195.6854,14679.9629
271,-232.0901,2.3668,11.85,0.72,18,7,25,3,22,-222.4994,19250.4473
272,-214.551,2.0804,10.4152,0.68,17,8,25,2,23,-204.411,16770.3691
273,-209.6196,2.0043,10.0334,0.68,17,8,25,7,18,-194.121,15016.0791
274,-190.0592,1.7526,8.7774,0.72,18,7,25,4,21,-180.1827,12938.4287
275,-214.3962,2.0427,10.2313,0.64,16,9,25,1,24,-198.5952,16224.5742
276,-212.4871,2.0121,10.074,0.64,16,9,25,4,21,-193.5397,14667.2402
277,-220.7589,2.1763,10.8958,0.68,17,8,25,4,21,-212.0549,17257.6484
278,-230.884,2.3145,11.587,0.64,16,9,25,3,22,-210.8197,18220.6953
279,-232.932,2.3487,11.7552,0.64,16,9,25,3,22,-207.9801,18682.6016
280,-213.6433,2.0977,10.5012,0.72,18,7,25,4,21,-187.1033,14272.3633
281,-188.8657,1.6831,8.4271,0.68,17,8,25,5,20,-177.8981,11910.2871
282,-194.8778,2.0135,10.0778,0.6522,15,8,23,3,20,-186.8983,13662.8809
283,-200.0866,1.8568,9.2956,0.68,17,8,25,3,22,-187.5642,13603.8633
284,-231.8833,2.2888,11.4562,0.56,14,11,25,6,19,-210.0952,17619.3633
285,-242.6639,2.5083,12.5557,0.64,16,9,25,3,22,-221.5309,18878.7227
286,-202.8576,1.8536,9.2822,0.64,16,9,25,1,24,-190.1854,14416.874
287,-209.5036,1.963,9.8287,0.64,16,9,25,1,24,-191.3024,14667.5898
288,-184.932,1.6222,8.1226,0.68,17,8,25,1,24,-168.3992,11484.9189
289,-211.5962,2.0345,10.1866,0.68,17,8,25,4,21,-193.6696,14992.5791
290,-208.6801,1.9492,9.7611,0.64,16,9,25,2,23,-198.9006,14466.8701
291,-207.0776,1.9643,9.8369,0.68,17,8,25,2,23,-201.5077,14785.7529
292,-191.5867,1.6682,8.3553,0.64,16,9,25,1,24,-181.8179,12622.5146
293,-212.0534,2.0416,10.222,0.68,17,8,25,4,21,-198.9972,15162.5752
294,-218.3938,2.1091,10.5598,0.64,16,9,25,3,22,-203.6581,15983.25
295,-182.6462,2.2289,11.1595,0.8571,18,3,21,5,16,-170.7592,11847.9297
296,-205.3269,1.8942,9.4852,0.64,16,9,25,0,25,-184.4485,14204.1172
297,-221.541,2.1297,10.6626,0.6,15,10,25,1,24,-202.7344,16524.6641
298,-208.4117,2.1398,10.7142,0.7083,17,7,24,8,16,-187.4574,13748.3994
299,-221.0179,2.335,11.6899,0.7083,17,7,24,3,21,-195.4825,15820.332
300,-217.1989,2.2764,11.394,0.7083,17,7,24,5,19,-206.0754,16439.7852
301,-198.7046,1.8354,9.1886,0.68,17,8,25,0,25,-182.9218,13943.8711
302,-200.8382,1.7661,8.8467,0.6,15,10,25,5,20,-189.0172,13221.6191
303,-197.0812,1.8758,9.3943,0.625,15,9,24,2,22,-179.8451,12529.4619
304,-215.6491,2.2015,11.0231,0.625,15,9,24,3,21,-194.6307,15135.5322
305,-207.6204,1.9319,9.6739,0.64,16,9,25,4,21,-185.0508,14274.0273
306,-235.1479,2.3988,12.0096,0.68,17,8,25,4,21,-210.2283,18697.6484
307,-185.1367,1.8913,9.4695,0.6957,16,7,23,7,16,-170.1019,11244.8965
308,-215.196,2.0899,10.4653,0.68,17,8,25,5,20,-202.5478,15699.3125
309,-242.6271,2.5152,12.5882,0.68,17,8,25,7,18,-207.4065,18828.6816
310,-179.9273,1.4765,7.3964,0.64,16,9,25,5,20,-173.2661,10935.9961
311,-202.5804,1.8488,9.2595,0.64,16,9,25,2,23,-178.3085,12856.3076
312,-208.8216,1.9517,9.7726,0.64,16,9,25,4,21,-184.2589,13933.4199
313,-199.8069,1.8523,9.274,0.68,17,8,25,4,21,-169.0885,12283.0479
314,-234.7263,2.3781,11.9028,0.64,16,9,25,2,23,-209.516,18122.5742
315,-225.2632,2.246,11.2444,0.68,17,8,25,6,19,-195.8393,16142.4004
316,-204.2724,1.9213,9.6197,0.68,17,8,25,2,23,-187.6891,13738.0215
317,-204.2148,1.9596,9.8121,0.72,18,7,25,4,21,-182.0325,13415.3438
318,-215.5414,2.0956,10.4919,0.68,17,8,25,5,20,-185.9634,14471.0273
319,-217.2334,2.1221,10.6227,0.68,17,8,25,4,21,-195.8947,15688.7773
320,-173.1332,1.7485,8.754,0.6364,14,8,22,2,20,-152.696,9244.6758
321,-237.0144,2.428,12.1539,0.68,17,8,25,4,21,-207.1745,17228.5371
322,-153.7686,1.3757,6.8898,0.6957,16,7,23,2,21,-140.6128,7789.0156
323,-185.8589,1.9459,9.7424,0.7391,17,6,23,3,20,-162.9998,11440.7021
324,-177.7808,1.7706,8.8645,0.6957,16,7,23,3,20,-164.2451,10545.709
325,-217.3483,2.1237,10.6317,0.68,17,8,25,5,20,-192.6141,15104.1592
326,-226.4244,2.2637,11.3344,0.68,17,8,25,3,22,-194.9164,16070.543
327,-205.3767,1.938,9.7053,0.68,17,8,25,6,19,-186.2801,13807.5742
328,-234.9801,2.3821,11.9237,0.64,16,9,25,4,21,-204.077,17223.6816
329,-199.1585,1.8422,9.2238,0.68,17,8,25,3,22,-175.2222,12269.3076
330,-192.2169,2.0444,10.2345,0.7391,17,6,23,2,21,-171.5131,11997.3584
331,-205.791,1.9449,9.7372,0.68,17,8,25,6,19,-185.6976,13687.3633
332,-218.1324,2.1361,10.6923,0.68,17,8,25,4,21,-185.8691,14604.124
333,-185.2607,1.6828,8.4265,0.72,18,7,25,6,19,-164.5952,10703.4111
334,-211.5139,2.1884,10.9541,0.7083,17,7,24,2,22,-180.5114,13480.1172
335,-220.4913,2.3273,11.6489,0.7083,17,7,24,7,17,-182.6034,14123.7314
336,-238.3087,2.4361,12.1978,0.64,16,9,25,5,20,-196.8687,16668.6465
337,-237.94,2.4173,12.1012,0.6,15,10,25,6,19,-190.5177,15842.0889
338,-161.0272,1.716,8.5946,0.7727,17,5,22,4,18,-146.5526,8330.2871
339,-228.3371,2.2222,11.1228,0.56,14,11,25,4,21,-194.6348,15743.3379
340,-194.8172,1.7216,8.6208,0.64,16,9,25,4,21,-168.1667,11292.54
341,-182.8982,1.7449,8.7394,0.7083,17,7,24,3,21,-161.7197,10181.0684
342,-181.6549,1.7256,8.6432,0.7083,17,7,24,2,22,-152.6916,9986.4346
343,-200.0927,1.6904,8.4687,0.56,14,11,25,6,19,-177.7206,11530.8633
344,-243.4074,2.5379,12.7023,0.76,19,6,25,2,23,-214.351,18716.1426
345,-210.677,1.9394,9.7095,0.6,15,10,25,3,22,-178.4258,12758.457
346,-185.7119,1.5721,7.872,0.64,16,9,25,5,20,-164.5538,11044.2363
347,-207.3048,1.9679,9.8545,0.68,17,8,25,6,19,-171.0664,11846.5166
348,-188.0425,1.7234,8.6299,0.72,18,7,25,3,22,-165.4182,10961.251
349,-215.4032,2.1229,10.6301,0.72,18,7,25,6,19,-183.9937,13778.668
350,-217.8124,2.0997,10.512,0.64,16,9,25,5,20,-174.7695,13487.1289
351,-188.5823,1.7316,8.6692,0.72,18,7,25,4,21,-163.8179,10298.8252
352,-201.7271,1.9601,9.8161,0.76,19,6,25,6,19,-166.3353,12034.0996
353,-184.1839,1.6671,8.3478,0.72,18,7,25,9,16,-154.6234,9837.7119
354,-205.319,1.9758,9.8929,0.72,18,7,25,4,21,-175.0465,12671.9248
355,-224.1153,2.1747,10.8885,0.6,15,10,25,5,20,-183.4148,14195.3398
356,-205.1308,1.8914,9.469,0.64,16,9,25,5,20,-168.5438,11745.6387
357,-218.9001,2.0833,10.431,0.6,15,10,25,3,22,-176.8701,13100.9863
358,-233.5597,2.3746,11.8865,0.68,17,8,25,4,21,-189.9847,15652.2979
359,-189.6664,1.695,8.4892,0.68,17,8,25,5,20,-157.7034,10306.542
360,-211.6314,2.0356,10.1891,0.68,17,8,25,2,23,-186.8356,13877.2773
361,-209.1612,1.9128,9.5765,0.6,15,10,25,6,19,-174.8499,12554.4746
362,-219.3961,2.1549,10.7904,0.68,17,8,25,2,23,-185.3396,14313.1953
363,-165.5932,1.7869,8.9479,0.7727,17,5,22,2,20,-129.9457,7613.2012
364,-209.0338,1.9106,9.5654,0.6,15,10,25,4,21,-167.6708,12359.0762
365,-184.7006,1.9277,9.6529,0.7391,17,6,23,4,19,-154.0052,10241.6445
366,-193.429,1.699,8.5066,0.64,16,9,25,4,21,-156.4435,10394.3984
367,-195.0756,1.8263,9.1439,0.72,18,7,25,6,19,-154.2384,10159.3076
368,-184.4612,1.6145,8.0863,0.68,17,8,25,3,22,-153.0389,9677.0908
369,-184.3536,1.5497,7.7603,0.64,16,9,25,5,20,-154.097,9664.3457
370,-202.5743,1.8493,9.2587,0.64,16,9,25,3,22,-163.2434,11269.4258
371,-228.7912,2.3194,11.6085,0.72,18,7,25,3,22,-189.0927,14810.1289
372,-220.3643,2.1701,10.8653,0.68,17,8,25,3,22,-179.1057,14422.5059
373,-211.7422,1.9996,10.0129,0.64,16,9,25,7,18,-164.6245,11469.1533
374,-209.3278,2.0348,10.1857,0.72,18,7,25,7,18,-177.1534,12656.9639
375,-224.533,2.2353,11.1876,0.68,17,8,25,4,21,-182.2666,14250.7217
376,-223.7508,2.197,11.0005,0.64,16,9,25,5,20,-184.0304,14075.4463
377,-200.0004,1.8546,9.2892,0.68,17,8,25,7,18,-152.8761,10399.6348
378,-193.5093,1.7553,8.7863,0.68,17,8,25,1,24,-155.5083,10364.9482
379,-235.4124,2.389,11.9594,0.64,16,9,25,1,24,-190.3796,16009.1504
380,-239.2639,2.4627,12.3281,0.68,17,8,25,3,22,-191.392,16526.9551
381,-210.2011,1.9305,9.668,0.6,15,10,25,4,21,-169.2854,11915.6367
382,-215.9272,2.0685,10.357,0.64,16,9,25,7,18,-163.256,11542.6221
383,-226.4984,2.2858,11.4409,0.72,18,7,25,2,23,-185.7838,15054.2812
384,-229.8545,2.2753,11.392,0.6,15,10,25,3,22,-177.8197,14624.3838
385,-190.7693,1.809,9.057,0.76,19,6,25,3,22,-150.8688,9962.9922
386,-240.4012,2.471,12.3697,0.64,16,9,25,8,17,-177.7796,14420.2617
387,-200.5975,1.8647,9.3351,0.68,17,8,25,3,22,-156.1796,11147.7559
388,-216.8103,2.0465,10.2477,0.6,15,10,25,4,21,-165.8205,11685.2461
389,-231.6767,2.3453,11.7408,0.68,17,8,25,5,20,-186.6168,14627.1475
390,-226.2593,2.2384,11.2067,0.64,16,9,25,3,22,-175.0811,13057.0254
391,-207.3731,2.2569,11.2982,0.6957,16,7,23,7,16,-171.1795,11902.1553
392,-232.4171,2.3396,11.7131,0.64,16,9,25,7,18,-172.0949,12909.4785
393,-223.9291,2.3654,11.8371,0.6667,16,8,24,1,23,-172.0989,13507.6533
394,-215.6761,2.2297,11.1584,0.6667,16,8,24,5,19,-161.9509,11836.4453
395,-200.2281,1.8815,9.421,0.5833,14,10,24,8,16,-159.114,11045.7158
396,-221.1271,2.1823,10.9242,0.68,17,8,25,0,25,-179.3935,13928.5938
397,-213.687,2.0315,10.1728,0.64,16,9,25,5,20,-166.4202,12122.2012
398,-208.2594,1.9425,9.7264,0.64,16,9,25,4,21,-152.7261,10250.084
399,-231.3612,2.3222,11.6263,0.64,16,9,25,3,22,-170.4003,13531.9189
400,-226.2986,2.2823,11.4265,0.72,18,7,25,2,23,-173.9127,13714.2197
401,-195.9611,2.257,11.2983,0.7727,17,5,22,5,17,-154.0288,10271.8994
402,-240.2224,2.4679,12.355,0.64,16,9,25,5,20,-181.1595,14664.8086
403,-198.3874,1.7798,8.9147,0.64,16,9,25,3,22,-149.2167,9694.4189
404,-178.6817,1.6202,8.1165,0.6667,16,8,24,3,21,-135.8504,8142.0776
405,-178.3634,1.615,8.0903,0.6667,16,8,24,1,23,-137.7089,7965.3745
406,-204.9754,1.9325,9.6739,0.68,17,8,25,3,22,-160.6168,10840.749
407,-248.9245,2.6137,13.0802,0.72,18,7,25,4,21,-191.3999,17191.8691
408,-200.674,1.9075,9.5535,0.72,18,7,25,5,20,-142.4211,9366.7461
409,-209.6305,1.871,9.3645,0.56,14,11,25,3,22,-156.6059,10455.6953
410,-198.4689,1.831,9.1706,0.68,17,8,25,3,22,-143.3481,9078.3457
411,-200.4831,1.8148,9.0868,0.64,16,9,25,3,22,-150.8073,9545.4814
412,-207.2177,1.9253,9.6407,0.64,16,9,25,1,24,-148.4941,10567.3984
413,-221.1291,2.154,10.7848,0.64,16,9,25,5,20,-150.873,11553.291
414,-226.5181,2.2654,11.3416,0.68,17,8,25,4,21,-166.3217,12691.5928
415,-180.5223,1.4863,7.4454,0.64,16,9,25,3,22,-137.7695,8081.79
416,-207.2204,1.9667,9.8479,0.68,17,8,25,3,22,-153.0293,10860.7227
417,-190.6217,1.761,8.8184,0.72,18,7,25,4,21,-135.8306,8658.3779
418,-189.7369,1.8021,9.0256,0.6667,16,8,24,2,22,-129.8231,7816.0
419,-192.1301,1.8415,9.2224,0.6667,16,8,24,1,23,-133.5406,8239.3193
420,-217.9926,2.1038,10.5263,0.64,16,9,25,4,21,-164.6486,12317.9746
421,-219.8147,2.1609,10.823,0.68,17,8,25,4,21,-149.2152,10610.5439
422,-219.9484,2.1346,10.6877,0.64,16,9,25,4,21,-160.5676,11549.6475
423,-212.9153,1.9784,9.9059,0.6,15,10,25,5,20,-166.5488,11601.6201
424,-208.3052,2.1078,10.5525,0.6667,16,8,24,3,21,-149.3327,10049.1426
425,-232.1351,2.4997,12.5122,0.6667,16,8,24,1,23,-160.4507,12945.6201
426,-221.4495,2.1594,10.8111,0.64,16,9,25,4,21,-160.0013,11978.7822
427,-250.8384,2.6422,13.2282,0.64,16,9,25,2,23,-168.8185,14046.2979
428,-230.2615,2.3046,11.5357,0.64,16,9,25,3,22,-152.6113,11320.5166
429,-219.2494,2.1232,10.6302,0.64,16,9,25,5,20,-146.5325,10230.4922
430,-210.1119,1.9293,9.66,0.6,15,10,25,4,21,-143.9569,9310.373
431,-214.3657,2.0776,10.4008,0.68,17,8,25,4,21,-151.5684,10650.3135
432,-196.91,1.6976,8.502,0.6,15,10,25,2,23,-134.1356,8711.3271
433,-212.9638,2.0557,10.2924,0.68,17,8,25,4,21,-150.0125,10344.8604
434,-216.7823,2.1433,10.7308,0.72,18,7,25,2,23,-153.0235,10678.9697
435,-221.2173,2.1839,10.931,0.68,17,8,25,1,24,-155.7521,11320.2139
436,-174.0027,1.708,8.554,0.6957,16,7,23,5,18,-118.6391,6488.2417
437,-212.2548,2.0452,10.2374,0.68,17,8,25,3,22,-141.0854,10246.0498
438,-232.9281,2.3797,11.9109,0.72,18,7,25,4,21,-174.2032,13126.9551
439,-219.7397,2.0981,10.5046,0.6,15,10,25,2,23,-148.0006,10361.5586
440,-207.7185,1.8872,9.4501,0.6,15,10,25,9,16,-138.8592,9260.1123
441,-214.2995,2.0422,10.2229,0.64,16,9,25,1,24,-152.0205,10729.6885
442,-210.3124,2.1412,10.7174,0.6667,16,8,24,1,23,-149.1688,10646.8008
443,-229.4893,2.4566,12.2944,0.6667,16,8,24,3,21,-167.8105,12748.5273
444,-216.5573,2.0787,10.4089,0.64,16,9,25,4,21,-140.9863,9895.751
445,-204.0037,1.9567,9.7966,0.72,18,7,25,4,21,-140.511,9155.4336
446,-197.7741,1.8207,9.1167,0.68,17,8,25,3,22,-137.2264,8649.5762
447,-185.9506,1.7395,8.7144,0.6667,16,8,24,6,18,-110.9951,6593.0156
448,-207.6431,2.0963,10.4983,0.6667,16,8,24,5,19,-129.711,8489.1729
449,-173.2765,1.5314,7.672,0.6667,16,8,24,2,22,-114.884,6420.2192
450,-229.1509,2.2859,11.4445,0.64,16,9,25,2,23,-152.08,11520.2012
451,-199.8455,1.8036,9.0347,0.64,16,9,25,4,21,-123.2651,7680.2056
452,-193.0146,1.7471,8.7483,0.68,17,8,25,4,21,-130.2805,8138.7207
453,-197.2709,1.762,8.8226,0.64,16,9,25,3,22,-135.4616,8605.3525
454,-236.21,2.4152,12.0918,0.68,17,8,25,2,23,-155.0611,11144.3574
455,-234.3596,2.3868,11.9485,0.68,17,8,25,4,21,-175.0849,14317.3389
456,-207.1955,1.966,9.8461,0.68,17,8,25,4,21,-131.241,8751.4316
457,-214.145,2.0002,10.0137,0.6,15,10,25,3,22,-129.9359,8620.584
458,-204.8962,1.9308,9.668,0.68,17,8,25,4,21,-122.2635,8042.666
459,-153.4219,1.5985,8.0058,0.7727,17,5,22,5,17,-91.9269,4662.6113
460,-214.4992,2.0064,10.0448,0.6,15,10,25,5,20,-131.3661,8561.1309
461,-221.0078,2.1205,10.6157,0.6,15,10,25,3,22,-129.2704,9420.0146
462,-194.566,2.0462,10.245,0.6957,16,7,23,1,22,-137.8923,8695.5889
463,-225.8785,2.206,11.043,0.6,15,10,25,5,20,-138.2507,9741.7686
464,-216.2,1.9939,9.9822,0.56,14,11,25,4,21,-126.2172,8327.1494
465,-196.5682,1.7499,8.765,0.64,16,9,25,5,20,-121.1287,7298.1851
466,-225.2534,2.2459,11.2436,0.68,17,8,25,4,21,-142.1093,10882.6797
467,-230.9159,2.4963,12.4949,0.75,18,6,24,3,21,-149.9129,11300.3525
468,-223.0644,2.3815,11.921,0.75,18,6,24,5,19,-141.0566,9912.5264
469,-213.7741,2.0334,10.1798,0.64,16,9,25,1,24,-132.9731,9462.0107
470,-242.1927,2.5002,12.5171,0.64,16,9,25,2,23,-153.3348,12092.2842
471,-212.6323,1.9738,9.881,0.6,15,10,25,4,21,-129.9929,9199.0107
472,-185.0828,1.8901,9.4652,0.6957,16,7,23,6,17,-105.0022,6215.0884
473,-211.7635,1.9586,9.8048,0.6,15,10,25,7,18,-130.5005,9064.0488
474,-198.7931,1.8365,9.1955,0.68,17,8,25,4,21,-114.3368,7236.8076
475,-206.3087,1.9106,9.5659,0.64,16,9,25,3,22,-122.4737,8037.8105
476,-217.7401,2.1302,10.6618,0.68,17,8,25,7,18,-134.9514,9807.4941
477,-228.9048,2.2591,11.3084,0.6,15,10,25,6,19,-136.3578,10148.2949
478,-222.289,2.1729,10.8803,0.64,16,9,25,2,23,-139.2667,10443.0908
479,-195.4953,1.7852,8.9404,0.68,17,8,25,4,21,-111.2141,6571.7764
480,-231.8638,2.3638,11.8333,0.72,18,7,25,4,21,-135.0353,10076.8369
481,-207.8481,1.9354,9.6927,0.64,16,9,25,4,21,-107.5579,6630.6538
482,-213.181,2.1873,10.9537,0.6667,16,8,24,5,19,-123.2535,8480.7686
483,-213.2778,2.1889,10.9617,0.6667,16,8,24,2,22,-126.9598,8438.4639
484,-221.9652,2.195,10.9891,0.68,17,8,25,8,17,-133.4261,9022.8926
485,-250.0604,2.6306,13.1645,0.56,14,11,25,7,18,-141.0651,11470.8447
486,-208.3823,2.0205,10.1168,0.72,18,7,25,2,23,-105.6941,7059.1255
487,-203.6203,1.8661,9.3449,0.64,16,9,25,4,21,-109.6717,6915.9238
488,-193.5926,1.7555,8.7933,0.68,17,8,25,5,20,-103.5917,6403.4771
489,-196.7388,1.8501,9.2657,0.72,18,7,25,6,19,-106.2426,6883.1006
490,-208.2756,1.9427,9.7277,0.64,16,9,25,4,21,-105.0785,7069.4375
491,-200.442,1.8141,9.0834,0.64,16,9,25,4,21,-103.0909,6554.373
492,-214.4024,2.0042,10.0365,0.6,15,10,25,4,21,-110.3107,7752.8394
493,-209.3671,2.0346,10.1889,0.72,18,7,25,4,21,-117.5378,8011.4326
494,-213.7284,2.033,10.1759,0.64,16,9,25,3,22,-106.8367,7312.5698
495,-192.0577,1.7322,8.6742,0.68,17,8,25,3,22,-112.8512,6897.877
496,-200.61,1.8651,9.336,0.68,17,8,25,3,22,-113.3117,7789.0825
497,-239.1394,2.4706,12.3649,0.72,18,7,25,6,19,-132.4666,10273.5938
498,-208.5407,1.9871,9.9501,0.68,17,8,25,3,22,-116.2676,8037.0527
499,-204.2882,1.8774,9.3997,0.64,16,9,25,3,22,-119.4665,7681.54
500,-188.6689,1.5526,7.7793,0.6,15,10,25,3,22,-93.9879,5336.4014
